{
   "classes":["n02085620","n02123045"],
   "lr":0.0001,
   "epoches":40,
   "alpha":0.99995,
   "beta":0.00005,
   "data_dir":"/home/rfal/CPE_646_project/tiny-imagenet-200"
}
